{
    "_comment": " model parameters",
    "model": {
	"type_map":	["O", "H"],
	"descriptor" :{
	    "type":		"se_e3",
	    "sel":		"auto",
	    "rcut_smth":	0.50,
	    "rcut":		5.80,
	    "neuron":		[2, 4, 8],
	    "resnet_dt":	false,
	    "seed":		1,
	    "_comment":		" that's all"
	},
	"fitting_net" : {
	    "neuron":           [240, 240, 240],
	    "resnet_dt":	true,
	    "seed":		1,
	    "_comment":		" that's all"
	},
	"_comment":	" that's all"
    },

    "learning_rate" :{
	"type":		"exp",
	"decay_steps":	5000,
	"start_lr":	0.001,	
	"stop_lr":	3.51e-8,
	"_comment":	"that's all"
    },

    "loss" :{
	"start_pref_e":	0.02,
	"limit_pref_e":	1,
	"start_pref_f":	1000,
	"limit_pref_f":	1,
	"start_pref_v":	0,
	"limit_pref_v":	0,
	"_comment":	" that's all"
    },

    "_comment": " traing controls",
    "training" : {
	"training_data": {
	    "systems":		["../data/data_0/", "../data/data_1/", "../data/data_2/"],
	    "batch_size":	"auto",
	    "_comment":		"that's all"
	},
	"validation_data":{
	    "systems":		["../data/data_3"],
	    "batch_size":	1,
	    "numb_btch":	3,
	    "_comment":		"that's all"
	},
	"numb_steps":	1000000,
	"seed":		1,

	"_comment": " display and restart",
	"_comment": " frequencies counted in batch",
	"disp_file":	"lcurve.out",
	"disp_freq":	10,
	"numb_test":	4,
	"save_freq":	1000,
	"save_ckpt":	"model.ckpt",
	"disp_training":true,
	"time_training":true,
	"profiling":	false,
	"profiling_file":"timeline.json",
	"_comment":	"that's all"
    },

    "_comment":		"that's all"
}

